{"Feed Forward": {"accuracy": 0.5327102803738317, "precision": 0.0, "auc": 0.5049122807017543}, "CNN": {"accuracy": 0.9532710280373832, "precision": 0.95, "auc": 0.9871929824561404}, "CNN + Aug": {"accuracy": 0.9485981308411215, "precision": 0.9587628865979382, "auc": 0.986842105263158}, "VGG16 + RF": {"accuracy": 0.9392523364485982, "precision": 0.9578947368421052, "auc": 0.9900877192982456}, "VGG16 + DL": {"accuracy": 0.9439252336448598, "precision": 0.94, "auc": 0.99}, "Ensemble": {"accuracy": 0.9579439252336449, "precision": 0.9504950495049505, "auc": 0.9932456140350878}}